IndicatorCode,Indicator,ValueType,ParentLocationCode,ParentLocation,Location type,SpatialDimValueCode,Location,Period type,Period,IsLatestYear,Dim1 type,Dim1,Dim1ValueCode,Dim2 type,Dim2,Dim2ValueCode,Dim3 type,Dim3,Dim3ValueCode,DataSourceDimValueCode,DataSource,FactValueNumericPrefix,FactValueNumeric,FactValueUoM,FactValueNumericLowPrefix,FactValueNumericLow,FactValueNumericHighPrefix,FactValueNumericHigh,Value,FactValueTranslationID,FactComments,Language,DateModified
IMMUNIZATION_VACCINATIONCARDSSEEN,Proportion of vaccination cards seen (%),numeric,AMR,Americas,Country,MEX,Mexico,Year,2020,true,,,,,,,,,,,,,46.10,,,,,,46.1,,National Health and Nutrition Survey (ENSANUT) 2021 on COVID-19,EN,2024-02-21 00:00:00
IMMUNIZATION_VACCINATIONCARDSSEEN,Proportion of vaccination cards seen (%),numeric,AFR,Africa,Country,COD,Democratic Republic of the Congo,Year,2020,true,,,,,,,,,,,,,53.50,,,,,,53.5,,"Vaccination Coverage Survey of Infants 6-23 months in Democratic Republic of Congo, 2021-22",EN,2024-02-21 00:00:00
IMMUNIZATION_VACCINATIONCARDSSEEN,Proportion of vaccination cards seen (%),numeric,AFR,Africa,Country,NGA,Nigeria,Year,2020,true,,,,,,,,,,,,,56.00,,,,,,56.0,,Nigeria Multiple Indicator Cluster Survey 2021,EN,2024-02-21 00:00:00
IMMUNIZATION_VACCINATIONCARDSSEEN,Proportion of vaccination cards seen (%),numeric,AFR,Africa,Country,COM,Comoros,Year,2020,true,,,,,,,,,,,,,79.80,,,,,,79.8,,"Comoros Routine Immunization Coverage Survey Report, 2022",EN,2024-02-21 00:00:00
IMMUNIZATION_VACCINATIONCARDSSEEN,Proportion of vaccination cards seen (%),numeric,WPR,Western Pacific,Country,KHM,Cambodia,Year,2020,true,,,,,,,,,,,,,82.00,,,,,,82.0,,Cambodia Demographic and Health Survey 2021-2022,EN,2024-02-21 00:00:00
IMMUNIZATION_VACCINATIONCARDSSEEN,Proportion of vaccination cards seen (%),numeric,AFR,Africa,Country,CIV,Cote d'Ivoire,Year,2020,true,,,,,,,,,,,,,85.50,,,,,,85.5,,"National vaccination coverage survey, Cote d’Ivoire (2021)",EN,2024-02-21 00:00:00
IMMUNIZATION_VACCINATIONCARDSSEEN,Proportion of vaccination cards seen (%),numeric,AFR,Africa,Country,MRT,Mauritania,Year,2019,true,,,,,,,,,,,,,34.10,,,,,,34.1,,Mauritania Demographic and Health Survey 2019-2020,EN,2024-02-21 00:00:00
IMMUNIZATION_VACCINATIONCARDSSEEN,Proportion of vaccination cards seen (%),numeric,AFR,Africa,Country,MDG,Madagascar,Year,2019,true,,,,,,,,,,,,,51.60,,,,,,51.6,,Madagascar Enquete de Couverture Vaccinale 2021 (ECV 2021),EN,2024-02-21 00:00:00
IMMUNIZATION_VACCINATIONCARDSSEEN,Proportion of vaccination cards seen (%),numeric,SEAR,South-East Asia,Country,NPL,Nepal,Year,2019,true,,,,,,,,,,,,,68.50,,,,,,68.5,,Nepal Multiple Indicator Cluster Survey 2019,EN,2024-02-21 00:00:00
IMMUNIZATION_VACCINATIONCARDSSEEN,Proportion of vaccination cards seen (%),numeric,AFR,Africa,Country,NER,Niger,Year,2019,true,,,,,,,,,,,,,72.90,,,,,,72.9,,National Survey on Fertility and Mortality of Children Under Five in Niger 2021,EN,2024-02-21 00:00:00
IMMUNIZATION_VACCINATIONCARDSSEEN,Proportion of vaccination cards seen (%),numeric,EMR,Eastern Mediterranean,Country,DJI,Djibouti,Year,2019,true,,,,,,,,,,,,,79.10,,,,,,79.1,,"National vaccination coverage survey, Djibouti (ENCV-D 2020)",EN,2024-02-21 00:00:00
IMMUNIZATION_VACCINATIONCARDSSEEN,Proportion of vaccination cards seen (%),numeric,AMR,Americas,Country,SLV,El Salvador,Year,2019,true,,,,,,,,,,,,,89.60,,,,,,89.6,,"Encuesta Nacional de Salud (ENS), El Salvador 2021",EN,2024-02-21 00:00:00
IMMUNIZATION_VACCINATIONCARDSSEEN,Proportion of vaccination cards seen (%),numeric,WPR,Western Pacific,Country,FJI,Fiji,Year,2019,true,,,,,,,,,,,,,92.60,,,,,,92.6,,Fiji Multiple Indicator Cluster Survey 2021,EN,2024-02-21 00:00:00
IMMUNIZATION_VACCINATIONCARDSSEEN,Proportion of vaccination cards seen (%),numeric,AFR,Africa,Country,BFA,Burkina Faso,Year,2019,true,,,,,,,,,,,,,92.80,,,,,,92.8,,Routine Vaccine Coverage Survey Coupled with the November 2019 Measles and Rubella (RR) Post-Campaign Coverage Survey in Burkina Faso,EN,2024-02-21 00:00:00
IMMUNIZATION_VACCINATIONCARDSSEEN,Proportion of vaccination cards seen (%),numeric,WPR,Western Pacific,Country,VNM,Viet Nam,Year,2019,true,,,,,,,,,,,,,95.10,,,,,,95.1,,Viet Nam SDGCW Survey 2020-2021,EN,2024-02-21 00:00:00
IMMUNIZATION_VACCINATIONCARDSSEEN,Proportion of vaccination cards seen (%),numeric,EUR,Europe,Country,UZB,Uzbekistan,Year,2019,true,,,,,,,,,,,,,98.30,,,,,,98.3,,Uzbekistan Multiple Indicator Cluster Survey 2021,EN,2024-02-21 00:00:00
IMMUNIZATION_VACCINATIONCARDSSEEN,Proportion of vaccination cards seen (%),numeric,EUR,Europe,Country,BEL,Belgium,Year,2018,true,,,,,,,,,,,,,100.00,,,,,,100.0,,"2020 Study of the vaccination rate in young children and adolescents in Flanders in 2020, CEV-UA and KUL, 2022",EN,2024-02-21 00:00:00
IMMUNIZATION_VACCINATIONCARDSSEEN,Proportion of vaccination cards seen (%),numeric,EMR,Eastern Mediterranean,Country,SAU,Saudi Arabia,Year,2018,true,,,,,,,,,,,,,26.50,,,,,,26.5,,The 2019 Kingdom of Saudi Arabia World Health Survey (KSAWHS 2019),EN,2024-02-21 00:00:00
IMMUNIZATION_VACCINATIONCARDSSEEN,Proportion of vaccination cards seen (%),numeric,WPR,Western Pacific,Country,TUV,Tuvalu,Year,2018,true,,,,,,,,,,,,,53.80,,,,,,53.8,,Tuvalu Multiple Indicator Cluster Survey 2019-2020,EN,2024-02-21 00:00:00
IMMUNIZATION_VACCINATIONCARDSSEEN,Proportion of vaccination cards seen (%),numeric,WPR,Western Pacific,Country,WSM,Samoa,Year,2018,true,,,,,,,,,,,,,61.70,,,,,,61.7,,Samoa Multiple Indicator Cluster Survey 2019-2020,EN,2024-02-21 00:00:00
IMMUNIZATION_VACCINATIONCARDSSEEN,Proportion of vaccination cards seen (%),numeric,AFR,Africa,Country,LBR,Liberia,Year,2018,true,,,,,,,,,,,,,64.50,,,,,,64.5,,Liberia Demographic and Health Survey 2019-2020,EN,2024-02-21 00:00:00
IMMUNIZATION_VACCINATIONCARDSSEEN,Proportion of vaccination cards seen (%),numeric,EUR,Europe,Country,SRB,Serbia,Year,2018,true,,,,,,,,,,,,,67.70,,,,,,67.7,,Serbia Multiple Indicator Cluster Survey 2019,EN,2024-02-21 00:00:00
IMMUNIZATION_VACCINATIONCARDSSEEN,Proportion of vaccination cards seen (%),numeric,AMR,Americas,Country,DOM,Dominican Republic,Year,2018,true,,,,,,,,,,,,,77.10,,,,,,77.1,,Dominican Republic Multiple Indicator Cluster Survey 2019,EN,2024-02-21 00:00:00
IMMUNIZATION_VACCINATIONCARDSSEEN,Proportion of vaccination cards seen (%),numeric,AFR,Africa,Country,MWI,Malawi,Year,2018,true,,,,,,,,,,,,,80.50,,,,,,80.5,,Malawi Multiple Indicator Cluster Survey 2019-2020,EN,2024-02-21 00:00:00
IMMUNIZATION_VACCINATIONCARDSSEEN,Proportion of vaccination cards seen (%),numeric,AFR,Africa,Country,ZAF,South Africa,Year,2018,true,,,,,,,,,,,,,82.60,,,,,,82.6,,Republic of South Africa Expanded Programme on Immunisation (EPI) National Coverage Survey Report 2020,EN,2024-02-21 00:00:00
IMMUNIZATION_VACCINATIONCARDSSEEN,Proportion of vaccination cards seen (%),numeric,SEAR,South-East Asia,Country,IND,India,Year,2018,true,,,,,,,,,,,,,85.80,,,,,,85.8,,India National Family Health Survey 2019-21 (NFHS-5),EN,2024-02-21 00:00:00
IMMUNIZATION_VACCINATIONCARDSSEEN,Proportion of vaccination cards seen (%),numeric,AMR,Americas,Country,HND,Honduras,Year,2018,true,,,,,,,,,,,,,86.90,,,,,,86.9,,Honduras ENDESA/MICS 2019,EN,2024-02-21 00:00:00
IMMUNIZATION_VACCINATIONCARDSSEEN,Proportion of vaccination cards seen (%),numeric,SEAR,South-East Asia,Country,BGD,Bangladesh,Year,2018,true,,,,,,,,,,,,,87.10,,,,,,87.1,,Bangladesh EPI Coverage Evaluation Survey 2019,EN,2024-02-21 00:00:00
IMMUNIZATION_VACCINATIONCARDSSEEN,Proportion of vaccination cards seen (%),numeric,SEAR,South-East Asia,Country,THA,Thailand,Year,2018,true,,,,,,,,,,,,,90.30,,,,,,90.3,,Thailand Multiple Indicator Cluster Survey 2019,EN,2024-02-21 00:00:00
IMMUNIZATION_VACCINATIONCARDSSEEN,Proportion of vaccination cards seen (%),numeric,AMR,Americas,Country,GUY,Guyana,Year,2018,true,,,,,,,,,,,,,91.10,,,,,,91.1,,Guyana Multiple Indicator Cluster Survey 2019-2020,EN,2024-02-21 00:00:00
IMMUNIZATION_VACCINATIONCARDSSEEN,Proportion of vaccination cards seen (%),numeric,GLOBAL,Global,Country,XKX,Kosovo (in accordance with UN Security Council resolution 1244 (1999)),Year,2018,true,,,,,,,,,,,,,92.60,,,,,,92.6,,Kosovo* (UNSCR 1244) Multiple Indicator Cluster Survey 2019–2020,EN,2024-02-21 00:00:00
IMMUNIZATION_VACCINATIONCARDSSEEN,Proportion of vaccination cards seen (%),numeric,EMR,Eastern Mediterranean,Country,PSE,"occupied Palestinian territory, including east Jerusalem",Year,2018,true,,,,,,,,,,,,,92.80,,,,,,92.8,,Palestinian Multiple Indicator Cluster Survey 2019-2020,EN,2024-02-21 00:00:00
IMMUNIZATION_VACCINATIONCARDSSEEN,Proportion of vaccination cards seen (%),numeric,AFR,Africa,Country,STP,Sao Tome and Principe,Year,2018,true,,,,,,,,,,,,,93.10,,,,,,93.1,,Sao Tome and Principe Multiple Indicator Cluster Survey 2019,EN,2024-02-21 00:00:00
IMMUNIZATION_VACCINATIONCARDSSEEN,Proportion of vaccination cards seen (%),numeric,AFR,Africa,Country,GMB,Gambia,Year,2018,true,,,,,,,,,,,,,93.20,,,,,,93.2,,The Gambia Demographic and Health Survey 2019-2020,EN,2024-02-21 00:00:00
IMMUNIZATION_VACCINATIONCARDSSEEN,Proportion of vaccination cards seen (%),numeric,AMR,Americas,Country,TCA,Turks and Caicos Islands,Year,2018,true,,,,,,,,,,,,,95.80,,,,,,95.8,,Turks and Caicos Multiple Indicator Cluster Survey 2019-2020,EN,2024-02-21 00:00:00
IMMUNIZATION_VACCINATIONCARDSSEEN,Proportion of vaccination cards seen (%),numeric,WPR,Western Pacific,Country,TON,Tonga,Year,2018,true,,,,,,,,,,,,,96.50,,,,,,96.5,,Tonga Multiple Indicator Cluster Survey 2019,EN,2024-02-21 00:00:00
IMMUNIZATION_VACCINATIONCARDSSEEN,Proportion of vaccination cards seen (%),numeric,AFR,Africa,Country,RWA,Rwanda,Year,2018,true,,,,,,,,,,,,,97.20,,,,,,97.2,,Rwanda Demographic and Health Survey 2019-2020,EN,2024-02-21 00:00:00
IMMUNIZATION_VACCINATIONCARDSSEEN,Proportion of vaccination cards seen (%),numeric,AFR,Africa,Country,ERI,Eritrea,Year,2018,true,,,,,,,,,,,,,97.70,,,,,,97.7,,"Eritrea National EPI Coverage Survey Report, 2020",EN,2024-02-21 00:00:00
IMMUNIZATION_VACCINATIONCARDSSEEN,Proportion of vaccination cards seen (%),numeric,WPR,Western Pacific,Country,KIR,Kiribati,Year,2017,true,,,,,,,,,,,,,21.30,,,,,,21.3,,Kiribati Social Development Indicator Survey 2018-19,EN,2024-02-21 00:00:00
IMMUNIZATION_VACCINATIONCARDSSEEN,Proportion of vaccination cards seen (%),numeric,AFR,Africa,Country,CAF,Central African Republic,Year,2017,true,,,,,,,,,,,,,27.20,,,,,,27.2,,Central African Republic Multiple Indicator Cluster Survey 2018-2019,EN,2024-02-21 00:00:00
IMMUNIZATION_VACCINATIONCARDSSEEN,Proportion of vaccination cards seen (%),numeric,AFR,Africa,Country,ETH,Ethiopia,Year,2017,true,,,,,,,,,,,,,41.30,,,,,,41.3,,Ethiopia Mini Demographic and Health Survey 2019,EN,2024-02-21 00:00:00
IMMUNIZATION_VACCINATIONCARDSSEEN,Proportion of vaccination cards seen (%),numeric,AFR,Africa,Country,MLI,Mali,Year,2017,true,,,,,,,,,,,,,55.60,,,,,,55.6,,Mali Demographic and Health Survey 2018,EN,2024-02-21 00:00:00
IMMUNIZATION_VACCINATIONCARDSSEEN,Proportion of vaccination cards seen (%),numeric,EUR,Europe,Country,TUR,Türkiye,Year,2017,true,,,,,,,,,,,,,69.40,,,,,,69.4,,Turkey Demographic and Health Survey 2018,EN,2024-02-21 00:00:00
IMMUNIZATION_VACCINATIONCARDSSEEN,Proportion of vaccination cards seen (%),numeric,AFR,Africa,Country,CMR,Cameroon,Year,2017,true,,,,,,,,,,,,,69.80,,,,,,69.8,,Cameroon Demographic and Health Survey 2018,EN,2024-02-21 00:00:00
IMMUNIZATION_VACCINATIONCARDSSEEN,Proportion of vaccination cards seen (%),numeric,AFR,Africa,Country,SLE,Sierra Leone,Year,2017,true,,,,,,,,,,,,,75.20,,,,,,75.2,,Sierra Leone Demographic and Health Survey 2019,EN,2024-02-21 00:00:00
IMMUNIZATION_VACCINATIONCARDSSEEN,Proportion of vaccination cards seen (%),numeric,AFR,Africa,Country,ZMB,Zambia,Year,2017,true,,,,,,,,,,,,,76.70,,,,,,76.7,,Zambia Demographic and Health Survey 2018,EN,2024-02-21 00:00:00
IMMUNIZATION_VACCINATIONCARDSSEEN,Proportion of vaccination cards seen (%),numeric,AFR,Africa,Country,SEN,Senegal,Year,2017,true,,,,,,,,,,,,,79.90,,,,,,79.9,,Senegal Demographic and Health Survey (Continuous) 2018,EN,2024-02-21 00:00:00
IMMUNIZATION_VACCINATIONCARDSSEEN,Proportion of vaccination cards seen (%),numeric,AFR,Africa,Country,GNB,Guinea-Bissau,Year,2017,true,,,,,,,,,,,,,85.50,,,,,,85.5,,Guinea-Bissau Multiple Indicator Cluster Survey 2018-2019,EN,2024-02-21 00:00:00
IMMUNIZATION_VACCINATIONCARDSSEEN,Proportion of vaccination cards seen (%),numeric,AFR,Africa,Country,ZWE,Zimbabwe,Year,2017,true,,,,,,,,,,,,,86.20,,,,,,86.2,,Zimbabwe Multiple Indicator Cluster Survey 2019,EN,2024-02-21 00:00:00
IMMUNIZATION_VACCINATIONCARDSSEEN,Proportion of vaccination cards seen (%),numeric,AFR,Africa,Country,DZA,Algeria,Year,2017,true,,,,,,,,,,,,,86.90,,,,,,86.9,,Algeria Multiple Indicator Cluster Survey 2019,EN,2024-02-21 00:00:00
IMMUNIZATION_VACCINATIONCARDSSEEN,Proportion of vaccination cards seen (%),numeric,AMR,Americas,Country,CUB,Cuba,Year,2017,true,,,,,,,,,,,,,90.80,,,,,,90.8,,Cuba Multiple Indicator Cluster Survey 2019,EN,2024-02-21 00:00:00
IMMUNIZATION_VACCINATIONCARDSSEEN,Proportion of vaccination cards seen (%),numeric,EUR,Europe,Country,KGZ,Kyrgyzstan,Year,2017,true,,,,,,,,,,,,,92.00,,,,,,92.0,,Kyrgyz Republic Multiple Indicator Cluster Survey 2018,EN,2024-02-21 00:00:00
IMMUNIZATION_VACCINATIONCARDSSEEN,Proportion of vaccination cards seen (%),numeric,EUR,Europe,Country,MKD,North Macedonia,Year,2017,true,,,,,,,,,,,,,92.10,,,,,,92.1,,North Macedonia Multiple Indicator Cluster Survey 2018-2019,EN,2024-02-21 00:00:00
IMMUNIZATION_VACCINATIONCARDSSEEN,Proportion of vaccination cards seen (%),numeric,WPR,Western Pacific,Country,MNG,Mongolia,Year,2017,true,,,,,,,,,,,,,92.90,,,,,,92.9,,Mongolia Social Indicator Sample Survey (MICS) 2018,EN,2024-02-21 00:00:00
IMMUNIZATION_VACCINATIONCARDSSEEN,Proportion of vaccination cards seen (%),numeric,SEAR,South-East Asia,Country,PRK,Democratic People's Republic of Korea,Year,2016,true,,,,,,,,,,,,,100.00,,,,,,100.0,,Democratic People's Republic of Korea Multiple Indicator Cluster Survey 2017,EN,2024-02-21 00:00:00
IMMUNIZATION_VACCINATIONCARDSSEEN,Proportion of vaccination cards seen (%),numeric,AFR,Africa,Country,TCD,Chad,Year,2016,true,,,,,,,,,,,,,28.00,,,,,,28.0,,Chad Vaccination Coverage Survey 2017,EN,2024-02-21 00:00:00
IMMUNIZATION_VACCINATIONCARDSSEEN,Proportion of vaccination cards seen (%),numeric,WPR,Western Pacific,Country,LAO,Lao People's Democratic Republic,Year,2016,true,,,,,,,,,,,,,53.40,,,,,,53.4,,Lao Social Indicator Survey II (LSIS II) 2017,EN,2024-02-21 00:00:00
IMMUNIZATION_VACCINATIONCARDSSEEN,Proportion of vaccination cards seen (%),numeric,WPR,Western Pacific,Country,IDN,Indonesia,Year,2016,true,,,,,,,,,,,,,58.40,,,,,,58.4,,Indonesia Demographic and Health Survey 2017,EN,2024-02-21 00:00:00
IMMUNIZATION_VACCINATIONCARDSSEEN,Proportion of vaccination cards seen (%),numeric,WPR,Western Pacific,Country,PNG,Papua New Guinea,Year,2016,true,,,,,,,,,,,,,60.60,,,,,,60.6,,Papua New Guinea Demographic and Health Survey 2016-2018,EN,2024-02-21 00:00:00
IMMUNIZATION_VACCINATIONCARDSSEEN,Proportion of vaccination cards seen (%),numeric,EMR,Eastern Mediterranean,Country,PAK,Pakistan,Year,2016,true,,,,,,,,,,,,,63.40,,,,,,63.4,,Pakistan Demographic and Health Survey 2017-2018,EN,2024-02-21 00:00:00
IMMUNIZATION_VACCINATIONCARDSSEEN,Proportion of vaccination cards seen (%),numeric,WPR,Western Pacific,Country,PHL,Philippines,Year,2016,true,,,,,,,,,,,,,63.90,,,,,,63.9,,Philippines National Demographic and Health Survey 2017,EN,2024-02-21 00:00:00
IMMUNIZATION_VACCINATIONCARDSSEEN,Proportion of vaccination cards seen (%),numeric,AFR,Africa,Country,GIN,Guinea,Year,2016,true,,,,,,,,,,,,,64.00,,,,,,64.0,,Guinea Demographic and Health Survey 2018,EN,2024-02-21 00:00:00
IMMUNIZATION_VACCINATIONCARDSSEEN,Proportion of vaccination cards seen (%),numeric,AFR,Africa,Country,BEN,Benin,Year,2016,true,,,,,,,,,,,,,71.50,,,,,,71.5,,Benin Demographic and Health Survey 2017-2018,EN,2024-02-21 00:00:00
IMMUNIZATION_VACCINATIONCARDSSEEN,Proportion of vaccination cards seen (%),numeric,EMR,Eastern Mediterranean,Country,JOR,Jordan,Year,2016,true,,,,,,,,,,,,,73.30,,,,,,73.3,,Jordan Population and Family Health Survey 2016-2017,EN,2024-02-21 00:00:00
IMMUNIZATION_VACCINATIONCARDSSEEN,Proportion of vaccination cards seen (%),numeric,AFR,Africa,Country,TGO,Togo,Year,2016,true,,,,,,,,,,,,,75.30,,,,,,75.3,,Togo Multiple Indicator Cluster Survey 2017,EN,2024-02-21 00:00:00
IMMUNIZATION_VACCINATIONCARDSSEEN,Proportion of vaccination cards seen (%),numeric,AMR,Americas,Country,SUR,Suriname,Year,2016,true,,,,,,,,,,,,,77.20,,,,,,77.2,,Suriname Multiple Indicator Cluster Survey 2018,EN,2024-02-21 00:00:00
IMMUNIZATION_VACCINATIONCARDSSEEN,Proportion of vaccination cards seen (%),numeric,EMR,Eastern Mediterranean,Country,IRQ,Iraq,Year,2016,true,,,,,,,,,,,,,78.80,,,,,,78.8,,Iraq Multiple Indicator Cluster Survey 2018,EN,2024-02-21 00:00:00
IMMUNIZATION_VACCINATIONCARDSSEEN,Proportion of vaccination cards seen (%),numeric,AFR,Africa,Country,LSO,Lesotho,Year,2016,true,,,,,,,,,,,,,84.00,,,,,,84.0,,Lesotho Multiple Indicator Cluster Survey 2018,EN,2024-02-21 00:00:00
IMMUNIZATION_VACCINATIONCARDSSEEN,Proportion of vaccination cards seen (%),numeric,EMR,Eastern Mediterranean,Country,MAR,Morocco,Year,2016,true,,,,,,,,,,,,,86.70,,,,,,86.7,,National Population and Health Survey (ENPSF-2018),EN,2024-02-21 00:00:00
IMMUNIZATION_VACCINATIONCARDSSEEN,Proportion of vaccination cards seen (%),numeric,EMR,Eastern Mediterranean,Country,TUN,Tunisia,Year,2016,true,,,,,,,,,,,,,87.40,,,,,,87.4,,Tunisia Multiple Indicator Cluster Survey 2018,EN,2024-02-21 00:00:00
IMMUNIZATION_VACCINATIONCARDSSEEN,Proportion of vaccination cards seen (%),numeric,AFR,Africa,Country,GHA,Ghana,Year,2016,true,,,,,,,,,,,,,88.10,,,,,,88.1,,Ghana Multiple Indicator Cluster Survey 2017-18,EN,2024-02-21 00:00:00
IMMUNIZATION_VACCINATIONCARDSSEEN,Proportion of vaccination cards seen (%),numeric,EUR,Europe,Country,TJK,Tajikistan,Year,2016,true,,,,,,,,,,,,,89.90,,,,,,89.9,,Tajikistan Demographic and Health Survey 2017,EN,2024-02-21 00:00:00
IMMUNIZATION_VACCINATIONCARDSSEEN,Proportion of vaccination cards seen (%),numeric,AMR,Americas,Country,CRI,Costa Rica,Year,2016,true,,,,,,,,,,,,,92.00,,,,,,92.0,,Costa Rica Multiple Indicator Cluster Survey 2018,EN,2024-02-21 00:00:00
IMMUNIZATION_VACCINATIONCARDSSEEN,Proportion of vaccination cards seen (%),numeric,AFR,Africa,Country,CPV,Cabo Verde,Year,2016,true,,,,,,,,,,,,,92.40,,,,,,92.4,,"Demographic and Reproductive Health Survey, IDSR-III, Cape Verde 2018",EN,2024-02-21 00:00:00
IMMUNIZATION_VACCINATIONCARDSSEEN,Proportion of vaccination cards seen (%),numeric,EUR,Europe,Country,ALB,Albania,Year,2016,true,,,,,,,,,,,,,92.70,,,,,,92.7,,Albania Demographic and Health Survey (ADHS) 2017-2018,EN,2024-02-21 00:00:00
IMMUNIZATION_VACCINATIONCARDSSEEN,Proportion of vaccination cards seen (%),numeric,EUR,Europe,Country,LUX,Luxembourg,Year,2015,true,,,,,,,,,,,,,100.00,,,,,,100.0,,Vaccinal Coverage Survey in the Grand Duchy of Luxembourg 2018,EN,2024-02-21 00:00:00
IMMUNIZATION_VACCINATIONCARDSSEEN,Proportion of vaccination cards seen (%),numeric,SEAR,South-East Asia,Country,TLS,Timor-Leste,Year,2015,true,,,,,,,,,,,,,51.40,,,,,,51.4,,Timor-Leste Demographic and Health Survey 2016,EN,2024-02-21 00:00:00
IMMUNIZATION_VACCINATIONCARDSSEEN,Proportion of vaccination cards seen (%),numeric,AFR,Africa,Country,UGA,Uganda,Year,2015,true,,,,,,,,,,,,,57.09,,,,,,57.1,,Uganda National Immunization Coverage Survey 2017 (UNICS 2017),EN,2024-02-21 00:00:00
IMMUNIZATION_VACCINATIONCARDSSEEN,Proportion of vaccination cards seen (%),numeric,AMR,Americas,Country,HTI,Haiti,Year,2015,true,,,,,,,,,,,,,68.40,,,,,,68.4,,Haiti Demographic and Health Survey 2016-2017,EN,2024-02-21 00:00:00
IMMUNIZATION_VACCINATIONCARDSSEEN,Proportion of vaccination cards seen (%),numeric,SEAR,South-East Asia,Country,MDV,Maldives,Year,2015,true,,,,,,,,,,,,,80.70,,,,,,80.7,,Maldives Demographic and Health Survey 2016-2017,EN,2024-02-21 00:00:00
IMMUNIZATION_VACCINATIONCARDSSEEN,Proportion of vaccination cards seen (%),numeric,AFR,Africa,Country,BDI,Burundi,Year,2015,true,,,,,,,,,,,,,83.00,,,,,,83.0,,Burundi Demographic and Health Survey 2016-2017,EN,2024-02-21 00:00:00
IMMUNIZATION_VACCINATIONCARDSSEEN,Proportion of vaccination cards seen (%),numeric,AMR,Americas,Country,PRY,Paraguay,Year,2015,true,,,,,,,,,,,,,89.40,,,,,,89.4,,Paraguay Multiple Indicator Cluster Survey 2016,EN,2024-02-21 00:00:00
IMMUNIZATION_VACCINATIONCARDSSEEN,Proportion of vaccination cards seen (%),numeric,AFR,Africa,Country,GNQ,Equatorial Guinea,Year,2014,true,,,,,,,,,,,,,41.30,,,,,,41.3,,EPI External Revue 2016 - National Coverage survey,EN,2024-02-21 00:00:00
IMMUNIZATION_VACCINATIONCARDSSEEN,Proportion of vaccination cards seen (%),numeric,SEAR,South-East Asia,Country,MMR,Myanmar,Year,2014,true,,,,,,,,,,,,,44.90,,,,,,44.9,,Myanmar Demographic and Health Survey 2015-2016,EN,2024-02-21 00:00:00
IMMUNIZATION_VACCINATIONCARDSSEEN,Proportion of vaccination cards seen (%),numeric,AFR,Africa,Country,AGO,Angola,Year,2014,true,,,,,,,,,,,,,47.30,,,,,,47.3,,Angola Demographic and Health Survey 2015-2016,EN,2024-02-21 00:00:00
IMMUNIZATION_VACCINATIONCARDSSEEN,Proportion of vaccination cards seen (%),numeric,EMR,Eastern Mediterranean,Country,AFG,Afghanistan,Year,2014,true,,,,,,,,,,,,,56.40,,,,,,56.4,,Afghanistan Demographic and Health Survey 2015,EN,2024-02-21 00:00:00
IMMUNIZATION_VACCINATIONCARDSSEEN,Proportion of vaccination cards seen (%),numeric,EMR,Eastern Mediterranean,Country,LBN,Lebanon,Year,2014,true,,,,,,,,,,,,,64.30,,,,,,64.3,,Lebanon District-Based Immunization Coverage Cluster Survey 2016,EN,2024-02-21 00:00:00
IMMUNIZATION_VACCINATIONCARDSSEEN,Proportion of vaccination cards seen (%),numeric,AFR,Africa,Country,MOZ,Mozambique,Year,2014,true,,,,,,,,,,,,,74.30,,,,,,74.3,,"Mozambique Survey of indicators on Immunization, Malaria and HIV/AIDS 2015",EN,2024-02-21 00:00:00
IMMUNIZATION_VACCINATIONCARDSSEEN,Proportion of vaccination cards seen (%),numeric,AMR,Americas,Country,BLZ,Belize,Year,2014,true,,,,,,,,,,,,,76.00,,,,,,76.0,,Belize Multiple Indicator Cluster Survey 2015-2016,EN,2024-02-21 00:00:00
IMMUNIZATION_VACCINATIONCARDSSEEN,Proportion of vaccination cards seen (%),numeric,AFR,Africa,Country,TZA,United Republic of Tanzania,Year,2014,true,,,,,,,,,,,,,84.20,,,,,,84.2,,Tanzania Demographic and Health and Malaria Indicator Survey 2015-2016,EN,2024-02-21 00:00:00
IMMUNIZATION_VACCINATIONCARDSSEEN,Proportion of vaccination cards seen (%),numeric,WPR,Western Pacific,Country,MYS,Malaysia,Year,2014,true,,,,,,,,,,,,,86.40,,,,,,86.4,,Malaysia National Health and Morbidity Survey 2016,EN,2024-02-21 00:00:00
IMMUNIZATION_VACCINATIONCARDSSEEN,Proportion of vaccination cards seen (%),numeric,EUR,Europe,Country,ARM,Armenia,Year,2014,true,,,,,,,,,,,,,96.00,,,,,,96.0,,Armenia Demographic and Health Survey 2015-2016,EN,2024-02-21 00:00:00
IMMUNIZATION_VACCINATIONCARDSSEEN,Proportion of vaccination cards seen (%),numeric,EUR,Europe,Country,KAZ,Kazakhstan,Year,2014,true,,,,,,,,,,,,,97.50,,,,,,97.5,,Kazakhastan Multiple Indicator Cluster Survey 2015,EN,2024-02-21 00:00:00
IMMUNIZATION_VACCINATIONCARDSSEEN,Proportion of vaccination cards seen (%),numeric,EUR,Europe,Country,TKM,Turkmenistan,Year,2014,true,,,,,,,,,,,,,99.70,,,,,,99.7,,Turkmenistan Multiple Indicator Cluster Survey 2015-2016,EN,2024-02-21 00:00:00
IMMUNIZATION_VACCINATIONCARDSSEEN,Proportion of vaccination cards seen (%),numeric,EMR,Eastern Mediterranean,Country,SDN,Sudan,Year,2013,true,,,,,,,,,,,,,43.70,,,,,,43.7,,Sudan Multiple Indicator Cluster Survey 2014,EN,2024-02-21 00:00:00
IMMUNIZATION_VACCINATIONCARDSSEEN,Proportion of vaccination cards seen (%),numeric,AFR,Africa,Country,COG,Congo,Year,2013,true,,,,,,,,,,,,,50.40,,,,,,50.4,,Congo Multiple Indicator Cluster Survey 2014-2015,EN,2024-02-21 00:00:00
IMMUNIZATION_VACCINATIONCARDSSEEN,Proportion of vaccination cards seen (%),numeric,EMR,Eastern Mediterranean,Country,EGY,Egypt,Year,2013,true,,,,,,,,,,,,,58.60,,,,,,58.6,,"Egypt Demographic and Health Survey, 2014",EN,2024-02-21 00:00:00
IMMUNIZATION_VACCINATIONCARDSSEEN,Proportion of vaccination cards seen (%),numeric,WPR,Western Pacific,Country,SLB,Solomon Islands,Year,2013,true,,,,,,,,,,,,,77.60,,,,,,77.6,,Solomon-Islands SPC Demographic and Health Survey 2015,EN,2024-02-21 00:00:00
IMMUNIZATION_VACCINATIONCARDSSEEN,Proportion of vaccination cards seen (%),numeric,AMR,Americas,Country,PER,Peru,Year,2013,true,,,,,,,,,,,,,86.90,,,,,,86.9,,"Peru Demographic and Health Survey, 2014",EN,2024-02-21 00:00:00
IMMUNIZATION_VACCINATIONCARDSSEEN,Proportion of vaccination cards seen (%),numeric,AFR,Africa,Country,SWZ,Eswatini,Year,2013,true,,,,,,,,,,,,,89.10,,,,,,89.1,,Swaziland Multiple Indicator Cluster Survey 2014,EN,2024-02-21 00:00:00
IMMUNIZATION_VACCINATIONCARDSSEEN,Proportion of vaccination cards seen (%),numeric,AMR,Americas,Country,GTM,Guatemala,Year,2013,true,,,,,,,,,,,,,90.90,,,,,,90.9,,Guatema Demographic and Health Survey 2014-2015,EN,2024-02-21 00:00:00
IMMUNIZATION_VACCINATIONCARDSSEEN,Proportion of vaccination cards seen (%),numeric,EMR,Eastern Mediterranean,Country,YEM,Yemen,Year,2012,true,,,,,,,,,,,,,47.10,,,,,,47.1,,"Yemen National Health and Demographic Survey, 2013",EN,2024-02-21 00:00:00
IMMUNIZATION_VACCINATIONCARDSSEEN,Proportion of vaccination cards seen (%),numeric,WPR,Western Pacific,Country,VUT,Vanuatu,Year,2012,true,,,,,,,,,,,,,57.30,,,,,,57.3,,Vanuatu Demographic and Health Survey 2013,EN,2024-02-21 00:00:00
IMMUNIZATION_VACCINATIONCARDSSEEN,Proportion of vaccination cards seen (%),numeric,AFR,Africa,Country,NAM,Namibia,Year,2012,true,,,,,,,,,,,,,69.50,,,,,,69.5,,Namibia Demographic and Health Survey 2013,EN,2024-02-21 00:00:00
IMMUNIZATION_VACCINATIONCARDSSEEN,Proportion of vaccination cards seen (%),numeric,AFR,Africa,Country,KEN,Kenya,Year,2012,true,,,,,,,,,,,,,74.70,,,,,,74.7,,"Kenya Demographic and Health Survey, 2014",EN,2024-02-21 00:00:00
IMMUNIZATION_VACCINATIONCARDSSEEN,Proportion of vaccination cards seen (%),numeric,EUR,Europe,Country,MNE,Montenegro,Year,2012,true,,,,,,,,,,,,,89.70,,,,,,89.7,,Montenegro Multiple Indicator Cluster Survey 2013,EN,2024-02-21 00:00:00
IMMUNIZATION_VACCINATIONCARDSSEEN,Proportion of vaccination cards seen (%),numeric,AFR,Africa,Country,BWA,Botswana,Year,2012,true,,,,,,,,,,,,,96.90,,,,,,96.9,,Botswana Post Measles Campaign and Immunization Coverage Survey 2013,EN,2024-02-21 00:00:00
IMMUNIZATION_VACCINATIONCARDSSEEN,Proportion of vaccination cards seen (%),numeric,AFR,Africa,Country,SSD,South Sudan,Year,2011,true,,,,,,,,,,,,,50.50,,,,,,50.5,,Republic of South Sudan EPI Coverage Survey 2011-2012,EN,2024-02-21 00:00:00
IMMUNIZATION_VACCINATIONCARDSSEEN,Proportion of vaccination cards seen (%),numeric,EUR,Europe,Country,GRC,Greece,Year,2011,true,,,,,,,,,,,,,81.50,,,,,,81.5,,"A cross-sectional vaccination coverage study in preschool children attending nurseries-kindergartens: Implications on economic crisis effect, 2013",EN,2024-02-21 00:00:00
IMMUNIZATION_VACCINATIONCARDSSEEN,Proportion of vaccination cards seen (%),numeric,AFR,Africa,Country,GAB,Gabon,Year,2011,true,,,,,,,,,,,,,83.00,,,,,,83.0,,Gabon EPI External Review 2012,EN,2024-02-21 00:00:00
IMMUNIZATION_VACCINATIONCARDSSEEN,Proportion of vaccination cards seen (%),numeric,SEAR,South-East Asia,Country,BTN,Bhutan,Year,2011,true,,,,,,,,,,,,,91.20,,,,,,91.2,,Bhutan National Health Survey 2012,EN,2024-02-21 00:00:00
IMMUNIZATION_VACCINATIONCARDSSEEN,Proportion of vaccination cards seen (%),numeric,EUR,Europe,Country,UKR,Ukraine,Year,2011,true,,,,,,,,,,,,,91.50,,,,,,91.5,,Ukraine Multiple Indicator Cluster Survey 2012,EN,2024-02-21 00:00:00
IMMUNIZATION_VACCINATIONCARDSSEEN,Proportion of vaccination cards seen (%),numeric,EUR,Europe,Country,MDA,Republic of Moldova,Year,2011,true,,,,,,,,,,,,,95.40,,,,,,95.4,,"Republic of Moldova Multiple Indicator Cluster Survey, 2012",EN,2024-02-21 00:00:00
IMMUNIZATION_VACCINATIONCARDSSEEN,Proportion of vaccination cards seen (%),numeric,EMR,Eastern Mediterranean,Country,SOM,Somalia,Year,2010,true,,,,,,,,,,,,,20.30,,,,,,20.3,,Somaliland Multiple Indicator Cluster Survey 2011,EN,2024-02-21 00:00:00
IMMUNIZATION_VACCINATIONCARDSSEEN,Proportion of vaccination cards seen (%),numeric,EUR,Europe,Country,BIH,Bosnia and Herzegovina,Year,2010,true,,,,,,,,,,,,,91.40,,,,,,91.4,,The Bosnia and Herzegovina Multiple Indicator Cluster Survey 2011–2012,EN,2024-02-21 00:00:00
IMMUNIZATION_VACCINATIONCARDSSEEN,Proportion of vaccination cards seen (%),numeric,AMR,Americas,Country,JAM,Jamaica,Year,2009,true,,,,,,,,,,,,,77.80,,,,,,77.8,,Jamaica Multiple Indicator Survey 2011,EN,2024-02-21 00:00:00
IMMUNIZATION_VACCINATIONCARDSSEEN,Proportion of vaccination cards seen (%),numeric,AMR,Americas,Country,COL,Colombia,Year,2009,true,,,,,,,,,,,,,83.10,,,,,,83.1,,Colombia Demographic and Health Survey 2010,EN,2024-02-21 00:00:00
IMMUNIZATION_VACCINATIONCARDSSEEN,Proportion of vaccination cards seen (%),numeric,WPR,Western Pacific,Country,MHL,Marshall Islands,Year,2006,true,,,,,,,,,,,,,75.20,,,,,,75.2,,Marshall Islands Demographic and Health Survey 2007,EN,2024-02-21 00:00:00
IMMUNIZATION_VACCINATIONCARDSSEEN,Proportion of vaccination cards seen (%),numeric,AMR,Americas,Country,BOL,Bolivia (Plurinational State of),Year,2006,true,,,,,,,,,,,,,76.50,,,,,,76.5,,Bolivia Demographic and Health Survey 2008,EN,2024-02-21 00:00:00
IMMUNIZATION_VACCINATIONCARDSSEEN,Proportion of vaccination cards seen (%),numeric,WPR,Western Pacific,Country,NRU,Nauru,Year,2006,true,,,,,,,,,,,,,95.00,,,,,,95.0,,Republic of Nauru Demographic and Health Survey 2007,EN,2024-02-21 00:00:00
IMMUNIZATION_VACCINATIONCARDSSEEN,Proportion of vaccination cards seen (%),numeric,EMR,Eastern Mediterranean,Country,SYR,Syrian Arab Republic,Year,2005,true,,,,,,,,,,,,,55.30,,,,,,55.3,,Syrian Arab Republic Multiple Indicator Cluster Survey 2006,EN,2024-02-21 00:00:00
IMMUNIZATION_VACCINATIONCARDSSEEN,Proportion of vaccination cards seen (%),numeric,EUR,Europe,Country,AZE,Azerbaijan,Year,2005,true,,,,,,,,,,,,,72.30,,,,,,72.3,,Azerbaijan Demographic and Health Survey 2006,EN,2024-02-21 00:00:00
IMMUNIZATION_VACCINATIONCARDSSEEN,Proportion of vaccination cards seen (%),numeric,AMR,Americas,Country,TTO,Trinidad and Tobago,Year,2004,true,,,,,,,,,,,,,78.80,,,,,,78.8,,"Trinidad and Tobago Multiple Indicator Cluster Survey 3, 2006",EN,2024-02-21 00:00:00
IMMUNIZATION_VACCINATIONCARDSSEEN,Proportion of vaccination cards seen (%),numeric,EUR,Europe,Country,BLR,Belarus,Year,2004,true,,,,,,,,,,,,,99.60,,,,,,99.6,,Republic of Belarus Multiple Indicator Cluster Survey 2005,EN,2024-02-21 00:00:00
IMMUNIZATION_VACCINATIONCARDSSEEN,Proportion of vaccination cards seen (%),numeric,WPR,Western Pacific,Country,CHN,China,Year,2003,true,,,,,,,,,,,,,96.30,,,,,,96.3,,The National EPI Evaluation Report 2004,EN,2024-02-21 00:00:00
IMMUNIZATION_VACCINATIONCARDSSEEN,Proportion of vaccination cards seen (%),numeric,SEAR,South-East Asia,Country,LKA,Sri Lanka,Year,2000,true,,,,,,,,,,,,,91.30,,,,,,91.3,,Sri Lanka Demographic and Health Survey 2001,EN,2024-02-21 00:00:00
